CategoriesName,ParentCategoriesID,CategoriesPDF
สมัครเรียน,1,
กำหนดการและรอบการรับสมัคร,1,
คุณสมบัติพื้นฐานและวุฒิการศึกษา,1,
เกณฑ์การรับสมัคร(แยกตามรอบ),1,
ขั้นตอนและช่องทางการสมัครเรียน,1,
การชำระเงินสมัครเรียน,1,
การเทียบโอนหน่วยกิต,1,
ทุนการศึกษา,2,
ทุนอุดหนุนการศึกษา,2,
กองทุนเงินให้กู้ยืมเพื่อการศึกษา(กยศ.),2,
หอพัก,3,
การสมัครและระบบหอพัก,3,
ค่าธรรมเนียมหอพัก,3,
กฎระเบียบและเวลาทำการ,3,
สิ่งอำนวยความสะดวกและความปลอดภัย,3,
ติดต่อหอพัก,3,
บริการนักศึกษา,4,
บริการด้านเทคโนโลยีสารสนเทศ,4,
บริการด้านสุขภาพ,4,
สวัสดิการและร้านค้า,4,
